<?xml version="1.0" encoding="utf-8"?>
<?xml-stylesheet type="text/xsl" href="biblioteca.xsl"?>
<biblioteca xmlns:xsi="http://www.w3.org/2001/XMLSchema-instance" xsi:noNamespaceSchemaLocation="file:///E:/xampp/htdocs/profesorcarlos.es/2021/todoXML/biblioteca.xsd">
  <libro>
    <titulo>La vida está en otra parte</titulo>
    <autor>Milan Kundera</autor>
    <fechaPublicacion/>
  </libro>
  <libro>
    <titulo>Pantaleón y las visitadoras</titulo>
    <autor fechaNacimiento="28/03/1936">Mario Vargas Llosa</autor>
    <fechaPublicacion año="1973"/>
  </libro>
  <libro>
    <titulo>Conversación en la catedral</titulo>
    <autor fechaNacimiento="28/03/1936">Mario Vargas Llosa</autor>
    <fechaPublicacion año="1969"/>
  </libro>
</biblioteca>